,gbr,ridge,lgb,xgb,rfc,svr
r2_score,0.8656213965010513,0.8804736717813448,0.9235186119852128,0.9317278195664105,0.9353803322025054,0.9441888782986891
