,gbr,ridge,lgb,xgb,rfc,svr
r2_score,0.8673630844592084,0.9101054596649402,0.9243145466572699,0.9332328756377055,0.939798105571556,0.9456387827318776
